{"cameraMode":{"drawMode":0,"name":"Shaded","section":"Shading Mode"},"sceneLighting":false,"audioPlay":false,"sceneViewState":{"showFog":true,"showMaterialUpdate":true,"showSkybox":false,"showFlares":true,"showImageEffects":true,"showParticleSystems":true},"in2DMode":false,"pivot":{"x":0.000012159347534179688,"y":2.9997968673706056,"z":0.499988317489624},"rotation":{"x":0.05151860788464546,"y":0.6629736423492432,"z":-0.04581794515252113,"w":0.7454613447189331},"size":14.097721099853516,"orthographic":false}