{"cameraMode":{"drawMode":0,"name":"Shaded","section":"Shading Mode"},"sceneLighting":true,"audioPlay":false,"sceneViewState":{"showFog":true,"showMaterialUpdate":true,"showSkybox":true,"showFlares":true,"showImageEffects":true,"showParticleSystems":true},"in2DMode":false,"pivot":{"x":112.81379699707031,"y":103.33829498291016,"z":27.903030395507814},"rotation":{"x":-0.10217641294002533,"y":0.8734170794487,"z":-0.20847932994365693,"w":-0.4280645549297333},"size":268.6005554199219,"orthographic":false}